id,label
1,1
2,1
3,0
4,1
5,1
6,0
7,1
8,1
9,0
10,0
11,1
12,0
13,1
14,0
15,1
16,1
17,1
18,0
19,1
20,0
21,0
22,0
23,0
24,0
25,0
26,0
27,0
28,1
29,0
30,1
31,0
32,0
33,1
34,0
35,1
36,0
37,0
38,0
39,1
40,1
41,0
42,1
43,0
44,0
45,1
46,1
47,1
48,0
49,1
50,0
51,0
52,1
53,1
54,0
55,0
56,0
57,1
58,0
59,0
60,1
61,0
62,0
63,1
64,1
65,1
66,0
67,0
68,0
69,0
70,1
71,0
72,0
73,1
74,0
75,1
76,0
77,1
78,1
79,0
80,0
81,1
82,0
83,1
84,1
85,1
86,0
87,0
88,1
89,0
90,1
91,1
92,0
93,1
94,1
95,1
96,1
97,1
98,0
99,1
100,0
101,1
102,0
103,0
104,1
105,1
106,0
107,0
108,1
109,0
110,1
111,1
112,1
113,0
114,0
115,1
116,0
117,1
118,0
119,1
120,0
121,0
122,1
123,1
124,0
125,1
126,0
127,1
128,1
129,1
130,1
131,0
132,1
133,0
134,0
135,0
136,0
137,0
138,1
139,1
140,0
141,1
142,0
143,0
144,0
145,0
146,1
147,0
148,1
149,0
150,0
151,0
152,1
153,1
154,0
155,0
156,1
157,0
158,1
159,1
160,0
161,1
162,0
163,1
164,0
165,0
166,1
167,0
168,0
169,0
170,0
171,0
172,1
173,1
174,0
175,0
176,1
177,0
178,0
179,0
180,0
181,1
182,0
183,1
184,0
185,1
186,1
187,0
188,0
189,0
190,0
191,1
192,0
193,0
194,1
195,1
196,0
197,1
198,1
199,0
200,1
201,1
202,0
203,0
204,0
205,0
206,0
207,1
208,0
209,0
210,0
211,0
212,0
213,1
214,1
215,0
216,0
217,1
218,0
219,1
220,0
221,0
222,0
223,1
224,0
225,0
226,1
227,1
228,0
229,1
230,1
231,1
232,1
233,1
234,0
235,1
236,1
237,1
238,0
239,1
240,1
241,0
242,0
243,0
244,0
245,1
246,0
247,1
248,0
249,1
250,1
251,0
252,0
253,1
254,0
255,1
256,1
257,1
258,1
259,1
260,0
261,1
262,0
263,0
264,1
265,0
266,0
267,0
268,0
269,0
270,0
271,1
272,1
273,0
274,1
275,0
276,1
277,1
278,0
279,1
280,0
281,0
282,0
283,1
284,1
285,1
286,0
287,0
288,1
289,0
290,0
291,1
292,0
293,0
294,1
295,0
296,1
297,0
298,0
299,1
300,1
301,1
302,0
303,1
304,0
305,0
306,1
307,1
308,1
309,0
310,1
311,1
312,1
313,0
314,0
315,1
316,1
317,1
318,0
319,0
320,1
321,1
322,1
323,1
324,0
325,1
326,0
327,0
328,0
329,0
330,0
331,0
332,0
333,0
334,0
335,0
336,1
337,0
338,0
339,0
340,1
341,0
342,1
343,1
344,1
345,0
346,1
347,1
348,0
349,1
350,0
351,0
352,0
353,1
354,1
355,0
356,0
357,1
358,1
359,0
360,1
361,1
362,0
363,1
364,1
365,1
366,1
367,0
368,0
369,1
370,0
371,1
372,1
373,0
374,0
375,0
376,0
377,1
378,1
379,0
380,0
381,1
382,1
383,1
384,0
385,0
386,1
387,1
388,0
389,0
390,0
391,0
392,0
393,1
394,0
395,1
396,0
397,1
398,1
399,1
400,0
401,0
402,0
403,0
404,0
405,1
406,1
407,0
408,1
409,0
410,1
411,1
412,0
413,1
414,0
415,1
416,1
417,0
418,0
419,1
420,0
421,1
422,0
423,0
424,1
425,0
426,0
427,0
428,0
429,1
430,0
431,1
432,1
433,1
434,0
435,0
436,1
437,0
438,0
439,0
440,0
441,1
442,0
443,0
444,1
445,1
446,1
447,0
448,1
449,0
450,1
451,1
452,0
453,1
454,0
455,0
456,1
457,1
458,1
459,0
460,0
461,0
462,0
463,0
464,0
465,0
466,1
467,0
468,1
469,0
470,0
471,1
472,0
473,1
474,1
475,1
476,1
477,0
478,0
479,0
480,0
481,0
482,1
483,1
484,1
485,1
486,0
487,1
488,0
489,1
490,0
491,1
492,0
493,0
494,0
495,0
496,0
497,0
498,1
499,0
500,0
501,0
502,0
503,0
504,1
505,0
506,1
507,0
508,0
509,0
510,1
511,0
512,1
513,1
514,1
515,1
516,1
517,1
518,1
519,1
520,0
521,0
522,0
523,0
524,1
525,0
526,0
527,0
528,0
529,1
530,1
531,1
532,0
533,1
534,0
535,1
536,0
537,1
538,0
539,1
540,1
541,0
542,1
543,0
544,1
545,0
546,0
547,1
548,1
549,0
550,0
551,1
552,1
553,1
554,0
555,0
556,0
557,1
558,0
559,1
560,0
561,0
562,0
563,0
564,1
565,0
566,1
567,0
568,0
569,1
570,0
571,0
572,0
573,0
574,0
575,1
576,1
577,0
578,0
579,0
580,1
581,1
582,1
583,1
584,1
585,1
586,0
587,1
588,0
589,1
590,1
591,1
592,1
593,0
594,1
595,0
596,1
597,1
598,1
599,0
600,0
601,0
602,1
603,1
604,1
605,1
606,0
607,0
608,0
609,1
610,0
611,1
612,1
613,0
614,0
615,0
616,0
617,0
618,0
619,1
620,1
621,1
622,1
623,0
624,0
625,1
626,0
627,0
628,0
629,1
630,1
631,0
632,1
633,0
634,1
635,1
636,0
637,1
638,0
639,1
640,0
641,0
642,1
643,1
644,1
645,1
646,0
647,1
648,1
649,1
650,0
651,1
652,1
653,0
654,0
655,1
656,1
657,1
658,0
659,0
660,1
661,0
662,0
663,1
664,1
665,1
666,0
667,0
668,1
669,0
670,0
671,1
672,0
673,0
674,0
675,0
676,1
677,1
678,0
679,0
680,1
681,1
682,0
683,1
684,1
685,0
686,0
687,0
688,0
689,1
690,0
691,0
692,1
693,1
694,0
695,0
696,1
697,0
698,0
699,1
700,1
701,0
702,1
703,1
704,1
705,1
706,0
707,0
708,1
709,1
710,1
711,0
712,0
713,0
714,1
715,0
716,1
717,1
718,1
719,1
720,1
721,0
722,1
723,0
724,0
725,0
726,1
727,1
728,0
729,1
730,0
731,0
732,1
733,1
734,1
735,1
736,1
737,1
738,1
739,0
740,1
741,1
742,1
743,1
744,0
745,0
746,1
747,0
748,0
749,1
750,0
751,1
752,0
753,1
754,1
755,1
756,1
757,1
758,1
759,1
760,0
761,0
762,1
763,0
764,1
765,0
766,0
767,0
768,0
769,0
770,0
771,0
772,1
773,1
774,0
775,0
776,0
777,1
778,0
779,0
780,1
781,1
782,0
783,0
784,1
785,1
786,1
787,0
788,0
789,0
790,0
791,0
792,0
793,1
794,0
795,0
796,0
797,0
798,0
799,1
800,1
801,1
802,0
803,0
804,0
805,1
806,1
807,0
808,1
809,1
810,1
811,0
812,0
813,1
814,1
815,0
816,0
817,1
818,0
819,1
820,0
821,0
822,1
823,1
824,0
825,0
826,0
827,0
828,1
829,0
830,1
831,1
832,0
833,1
834,1
835,1
836,0
837,1
838,1
839,1
840,0
841,0
842,1
843,1
844,1
845,0
846,0
847,0
848,1
849,1
850,0
851,0
852,0
853,1
854,0
855,0
856,1
857,1
858,0
859,0
860,1
861,1
862,0
863,0
864,1
865,0
866,0
867,1
868,1
869,0
870,0
871,1
872,1
873,1
874,1
875,1
876,0
877,0
878,1
879,0
880,1
881,1
882,0
883,1
884,0
885,1
886,0
887,1
888,0
889,1
890,1
891,0
892,1
893,1
894,0
895,0
896,1
897,0
898,0
899,1
900,1
901,1
902,1
903,0
904,1
905,0
906,1
907,1
908,0
909,1
910,0
911,1
912,1
913,0
914,1
915,0
916,0
917,0
918,1
919,1
920,1
921,1
922,1
923,0
924,0
925,0
926,0
927,1
928,1
929,0
930,0
931,0
932,0
933,0
934,1
935,1
936,1
937,1
938,0
939,0
940,1
941,1
942,0
943,1
944,1
945,1
946,1
947,0
948,0
949,0
950,0
951,0
952,1
953,1
954,1
955,0
956,1
957,0
958,0
959,1
960,1
961,0
962,0
963,0
964,1
965,1
966,1
967,0
968,0
969,1
970,1
971,0
972,1
973,0
974,0
975,1
976,1
977,0
978,1
979,0
980,1
981,0
982,1
983,1
984,0
985,0
986,0
987,1
988,0
989,1
990,0
991,0
992,0
993,0
994,1
995,0
996,1
997,1
998,0
999,0
1000,0
1001,0
1002,1
1003,0
1004,0
1005,1
1006,1
1007,1
1008,0
1009,0
1010,1
1011,0
1012,0
1013,0
1014,0
1015,0
1016,0
1017,1
1018,1
1019,1
1020,0
1021,1
1022,0
1023,0
1024,0
1025,1
1026,0
1027,1
1028,0
1029,1
1030,0
1031,0
1032,1
1033,0
1034,1
1035,1
1036,0
1037,0
1038,0
1039,0
1040,1
1041,1
1042,1
1043,0
1044,1
1045,1
1046,0
1047,1
1048,1
1049,0
1050,0
1051,0
1052,1
1053,1
1054,1
1055,0
1056,1
1057,0
1058,0
1059,1
1060,0
1061,1
1062,1
1063,1
1064,0
1065,0
1066,0
1067,1
1068,1
1069,0
1070,1
1071,1
1072,0
1073,1
1074,1
1075,0
1076,1
1077,0
1078,1
1079,0
1080,1
1081,0
1082,1
1083,0
1084,1
1085,0
1086,1
1087,0
1088,1
1089,1
1090,1
1091,1
1092,0
1093,1
1094,0
1095,0
1096,1
1097,1
1098,1
1099,0
1100,0
1101,1
1102,0
1103,1
1104,1
1105,0
1106,0
1107,1
1108,0
1109,1
1110,1
1111,0
1112,1
1113,0
1114,0
1115,0
1116,0
1117,0
1118,0
1119,1
1120,1
1121,1
1122,0
1123,0
1124,1
1125,1
1126,0
1127,0
1128,1
1129,1
1130,1
1131,0
1132,0
1133,0
1134,0
1135,1
1136,0
1137,0
1138,1
1139,1
1140,0
1141,1
1142,1
1143,0
1144,1
1145,1
1146,1
1147,1
1148,1
1149,1
1150,1
1151,1
1152,0
1153,1
1154,0
1155,0
1156,1
1157,0
1158,1
1159,1
1160,0
1161,1
1162,0
1163,0
1164,0
1165,0
1166,0
1167,1
1168,1
1169,1
1170,1
1171,0
1172,0
1173,0
1174,1
1175,0
1176,1
1177,0
1178,0
1179,1
1180,1
1181,0
1182,0
1183,1
1184,1
1185,1
1186,1
1187,1
1188,0
1189,1
1190,1
1191,0
1192,0
1193,1
1194,0
1195,0
1196,1
1197,1
1198,0
1199,0
1200,1
1201,0
1202,0
1203,0
1204,0
1205,1
1206,1
1207,0
1208,0
1209,1
1210,1
1211,0
1212,0
1213,0
1214,0
1215,1
1216,0
1217,0
1218,1
1219,0
1220,0
1221,0
1222,1
1223,1
1224,0
1225,0
1226,1
1227,0
1228,1
1229,1
1230,0
1231,1
1232,0
1233,1
1234,0
1235,1
1236,1
1237,0
1238,1
1239,1
1240,0
1241,1
1242,1
1243,0
1244,1
1245,0
1246,0
1247,1
1248,0
1249,1
1250,1
1251,1
1252,0
1253,1
1254,0
1255,0
1256,0
1257,0
1258,1
1259,1
1260,0
1261,1
1262,1
1263,0
1264,0
1265,0
1266,0
1267,1
1268,0
1269,0
1270,1
1271,1
1272,0
1273,1
1274,0
1275,1
1276,0
1277,1
1278,0
1279,0
1280,1
1281,1
1282,1
1283,0
1284,1
1285,0
1286,0
1287,1
1288,1
1289,1
1290,1
1291,1
1292,1
1293,0
1294,0
1295,0
1296,0
1297,1
1298,1
1299,1
1300,0
1301,0
1302,0
1303,1
1304,1
1305,0
1306,1
1307,0
1308,0
1309,0
1310,1
1311,0
1312,1
1313,0
1314,0
1315,0
1316,1
1317,0
1318,0
1319,1
1320,0
1321,1
1322,1
1323,1
1324,0
1325,1
1326,1
1327,1
1328,0
1329,1
1330,0
1331,1
1332,1
1333,1
1334,0
1335,1
1336,1
1337,1
1338,1
1339,1
1340,0
1341,0
1342,0
1343,0
1344,1
1345,1
1346,0
1347,1
1348,0
1349,0
1350,1
1351,1
1352,0
1353,1
1354,0
1355,0
1356,0
1357,0
1358,0
1359,0
1360,0
1361,1
1362,1
1363,1
1364,1
1365,1
1366,0
1367,1
1368,1
1369,0
1370,0
1371,0
1372,1
1373,0
1374,0
1375,0
1376,0
1377,0
1378,0
1379,1
1380,0
1381,1
1382,0
1383,1
1384,0
1385,0
1386,0
1387,1
1388,0
1389,0
1390,0
1391,1
1392,1
1393,1
1394,1
1395,1
1396,1
1397,0
1398,0
1399,0
1400,1
1401,0
1402,1
1403,1
1404,0
1405,0
1406,1
1407,0
1408,0
1409,0
1410,0
1411,0
1412,1
1413,1
1414,1
1415,0
1416,0
1417,0
1418,1
1419,1
1420,1
1421,0
1422,0
1423,0
1424,0
1425,0
1426,1
1427,1
1428,0
1429,1
1430,1
1431,1
1432,1
1433,0
1434,0
1435,1
1436,0
1437,1
1438,1
1439,1
1440,1
1441,1
1442,0
1443,1
1444,1
1445,1
1446,1
1447,1
1448,0
1449,1
1450,1
1451,0
1452,1
1453,1
1454,0
1455,1
1456,0
1457,1
1458,0
1459,0
1460,0
1461,0
1462,1
1463,1
1464,1
1465,0
1466,0
1467,0
1468,1
1469,0
1470,1
1471,1
1472,0
1473,1
1474,1
1475,1
1476,0
1477,1
1478,1
1479,0
1480,1
1481,0
1482,1
1483,1
1484,0
1485,1
1486,0
1487,0
1488,1
1489,1
1490,1
1491,0
1492,0
1493,1
1494,1
1495,0
1496,1
1497,0
1498,1
1499,0
1500,0
1501,1
1502,0
1503,0
1504,1
1505,0
1506,0
1507,0
1508,0
1509,1
1510,1
1511,1
1512,0
1513,1
1514,1
1515,1
1516,1
1517,1
1518,1
1519,0
1520,1
1521,0
1522,1
1523,1
1524,0
1525,1
1526,0
1527,1
1528,0
1529,1
1530,1
1531,0
1532,1
1533,0
1534,0
1535,1
1536,1
1537,0
1538,1
1539,0
1540,1
1541,1
1542,0
1543,1
1544,1
1545,0
1546,0
1547,1
1548,0
1549,1
1550,0
1551,1
1552,1
1553,1
1554,1
1555,0
1556,0
1557,0
1558,1
1559,1
1560,1
1561,1
1562,0
1563,1
1564,1
1565,1
1566,0
1567,0
1568,1
1569,0
1570,1
1571,0
1572,0
1573,1
1574,1
1575,1
1576,1
1577,0
1578,0
1579,0
1580,0
1581,0
1582,0
1583,0
1584,0
1585,1
1586,0
1587,1
1588,0
1589,0
1590,0
1591,1
1592,1
1593,0
1594,1
1595,1
1596,0
1597,1
1598,1
1599,1
1600,0
1601,0
1602,0
1603,0
1604,1
1605,1
1606,0
1607,1
1608,1
1609,0
1610,0
1611,0
1612,1
1613,1
1614,0
1615,0
1616,1
1617,1
1618,0
1619,0
1620,1
1621,0
1622,0
1623,0
1624,1
1625,0
1626,0
1627,0
1628,1
1629,0
1630,0
1631,1
1632,1
1633,1
1634,1
1635,1
1636,0
1637,0
1638,0
1639,1
1640,1
1641,0
1642,0
1643,0
1644,0
1645,1
1646,1
1647,0
1648,1
1649,0
1650,0
1651,1
1652,1
1653,0
1654,0
1655,0
1656,0
1657,1
1658,0
1659,1
1660,1
1661,1
1662,1
1663,1
1664,0
1665,0
1666,0
1667,1
1668,0
1669,1
1670,1
1671,0
1672,0
1673,1
1674,0
1675,0
1676,1
1677,1
1678,0
1679,1
1680,0
1681,1
1682,1
1683,1
1684,0
1685,0
1686,1
1687,0
1688,0
1689,0
1690,0
1691,1
1692,0
1693,0
1694,1
1695,0
1696,1
1697,1
1698,1
1699,0
1700,0
1701,1
1702,1
1703,1
1704,1
1705,0
1706,1
1707,1
1708,0
1709,1
1710,0
1711,0
1712,1
1713,0
1714,1
1715,0
1716,0
1717,1
1718,1
1719,1
1720,1
1721,0
1722,0
1723,0
1724,0
1725,1
1726,1
1727,0
1728,1
1729,1
1730,0
1731,0
1732,1
1733,0
1734,0
1735,1
1736,0
1737,0
1738,1
1739,0
1740,0
1741,1
1742,0
1743,1
1744,1
1745,0
1746,0
1747,0
1748,1
1749,0
1750,0
1751,0
1752,1
1753,0
1754,0
1755,1
1756,0
1757,0
1758,0
1759,0
1760,0
1761,0
1762,0
1763,0
1764,1
1765,0
1766,0
1767,1
1768,0
1769,0
1770,0
1771,0
1772,1
1773,0
1774,1
1775,1
1776,1
1777,1
1778,0
1779,0
1780,0
1781,0
1782,1
1783,1
1784,0
1785,1
1786,0
1787,1
1788,0
1789,1
1790,1
1791,0
1792,0
1793,1
1794,1
1795,1
1796,1
1797,1
1798,0
1799,0
1800,0
1801,1
1802,0
1803,1
1804,0
1805,0
1806,0
1807,0
1808,0
1809,1
1810,0
1811,1
1812,0
1813,0
1814,0
1815,1
1816,0
1817,0
1818,0
1819,1
1820,1
1821,1
1822,1
1823,0
1824,1
1825,0
1826,1
1827,1
1828,1
1829,1
1830,1
1831,1
1832,1
1833,0
1834,0
1835,0
1836,1
1837,1
1838,0
1839,1
1840,1
1841,1
1842,0
1843,0
1844,1
1845,0
1846,0
1847,1
1848,0
1849,1
1850,0
1851,0
1852,1
1853,1
1854,0
1855,0
1856,1
1857,1
1858,1
1859,0
1860,1
1861,1
1862,0
1863,1
1864,0
1865,1
1866,0
1867,1
1868,1
1869,1
1870,1
1871,1
1872,0
1873,0
1874,1
1875,1
1876,1
1877,0
1878,0
1879,1
1880,0
1881,0
1882,0
1883,0
1884,0
1885,1
1886,0
1887,1
1888,1
1889,0
1890,1
1891,1
1892,1
1893,0
1894,0
1895,0
1896,0
1897,1
1898,0
1899,0
1900,0
1901,1
1902,1
1903,1
1904,0
1905,0
1906,1
1907,0
1908,1
1909,0
1910,1
1911,0
1912,0
1913,0
1914,1
1915,1
1916,1
1917,0
1918,1
1919,1
1920,0
1921,0
1922,1
1923,1
1924,1
1925,1
1926,0
1927,1
1928,0
1929,0
1930,0
1931,1
1932,0
1933,1
1934,0
1935,1
1936,0
1937,0
1938,1
1939,1
1940,1
1941,0
1942,1
1943,1
1944,1
1945,1
1946,1
1947,0
1948,1
1949,0
1950,0
1951,1
1952,0
1953,0
1954,0
1955,1
1956,1
1957,0
1958,0
1959,0
1960,0
1961,1
1962,1
1963,1
1964,1
1965,0
1966,0
1967,0
1968,1
1969,0
1970,0
1971,1
1972,1
1973,1
1974,1
1975,1
1976,0
1977,1
1978,1
1979,1
1980,0
1981,0
1982,1
1983,1
1984,0
1985,1
1986,1
1987,1
1988,0
1989,1
1990,1
1991,1
1992,0
1993,0
1994,0
1995,0
1996,1
1997,1
1998,1
1999,1
2000,0
2001,1
2002,0
2003,1
2004,1
2005,0
2006,1
2007,0
2008,1
2009,0
2010,1
2011,1
2012,1
2013,1
2014,0
2015,0
2016,1
2017,0
2018,0
2019,1
2020,1
2021,1
2022,1
2023,1
2024,1
2025,0
2026,1
2027,0
2028,1
2029,0
2030,0
2031,0
2032,0
2033,1
2034,0
2035,1
2036,1
2037,1
2038,0
2039,1
2040,1
2041,1
2042,0
2043,1
2044,1
2045,1
2046,0
2047,1
2048,1
2049,1
2050,1
2051,0
2052,1
2053,0
2054,0
2055,0
2056,0
2057,1
2058,1
2059,1
2060,1
2061,1
2062,0
2063,1
2064,1
2065,0
2066,1
2067,0
2068,0
2069,1
2070,0
2071,0
2072,1
2073,1
2074,0
2075,1
2076,1
2077,0
2078,0
2079,0
2080,0
2081,1
2082,1
2083,0
2084,0
2085,0
2086,0
2087,1
2088,1
2089,0
2090,0
2091,1
2092,1
2093,1
2094,1
2095,0
2096,0
2097,1
2098,0
2099,1
2100,0
2101,0
2102,0
2103,1
2104,0
2105,0
2106,1
2107,1
2108,1
2109,0
2110,1
2111,0
2112,1
2113,1
2114,0
2115,1
2116,1
2117,0
2118,1
2119,0
2120,0
2121,0
2122,1
2123,1
2124,0
2125,1
2126,1
2127,1
2128,1
2129,1
2130,1
2131,1
2132,0
2133,0
2134,1
2135,1
2136,1
2137,1
2138,1
2139,1
2140,1
2141,1
2142,1
2143,1
2144,0
2145,0
2146,0
2147,0
2148,1
2149,1
2150,0
2151,1
2152,0
2153,0
2154,1
2155,0
2156,1
2157,0
2158,0
2159,1
2160,0
2161,0
2162,0
2163,1
2164,0
2165,0
2166,1
2167,0
2168,1
2169,0
2170,1
2171,1
2172,1
2173,1
2174,0
2175,0
2176,0
2177,1
2178,1
2179,0
2180,1
2181,1
2182,1
2183,1
2184,0
2185,0
2186,1
2187,0
2188,1
2189,0
2190,0
2191,0
2192,1
2193,1
2194,0
2195,0
2196,1
2197,1
2198,1
2199,0
2200,1
2201,1
2202,0
2203,0
2204,0
2205,0
2206,0
2207,1
2208,0
2209,0
2210,0
2211,0
2212,0
2213,1
2214,1
2215,1
2216,0
2217,1
2218,0
2219,1
2220,0
2221,1
2222,0
2223,1
2224,1
2225,1
2226,1
2227,1
2228,1
2229,0
2230,1
2231,1
2232,1
2233,0
2234,1
2235,0
2236,0
2237,0
2238,1
2239,1
2240,1
2241,0
2242,1
2243,1
2244,0
2245,1
2246,0
2247,0
2248,1
2249,0
2250,1
2251,0
2252,0
2253,0
2254,0
2255,0
2256,0
2257,1
2258,1
2259,0
2260,1
2261,0
2262,1
2263,1
2264,1
2265,1
2266,0
2267,1
2268,0
2269,0
2270,1
2271,0
2272,1
2273,0
2274,0
2275,0
2276,1
2277,0
2278,1
2279,1
2280,1
2281,0
2282,0
2283,1
2284,1
2285,1
2286,1
2287,1
2288,0
2289,1
2290,0
2291,1
2292,0
2293,1
2294,1
2295,1
2296,0
2297,0
2298,1
2299,0
2300,1
2301,1
2302,0
2303,0
2304,1
2305,1
2306,0
2307,1
2308,0
2309,1
2310,0
2311,0
2312,1
2313,1
2314,0
2315,0
2316,1
2317,1
2318,1
2319,0
2320,1
2321,1
2322,0
2323,0
2324,0
2325,1
2326,1
2327,1
2328,1
2329,0
2330,1
2331,1
2332,1
2333,0
2334,1
2335,0
2336,0
2337,1
2338,0
2339,1
2340,1
2341,0
2342,1
2343,1
2344,1
2345,1
2346,1
2347,1
2348,0
2349,0
2350,0
2351,1
2352,1
2353,1
2354,0
2355,0
2356,0
2357,1
2358,1
2359,1
2360,1
2361,0
2362,0
2363,1
2364,0
2365,1
2366,1
2367,1
2368,1
2369,1
2370,0
2371,0
2372,0
2373,1
2374,0
2375,1
2376,0
2377,0
2378,0
2379,1
2380,1
2381,0
2382,0
2383,1
2384,0
2385,0
2386,1
2387,0
2388,1
2389,1
2390,1
2391,0
2392,0
2393,0
2394,1
2395,0
2396,0
2397,0
2398,0
2399,0
2400,1
2401,0
2402,1
2403,1
2404,0
2405,0
2406,0
2407,0
2408,1
2409,0
2410,1
2411,1
2412,1
2413,1
2414,1
2415,1
2416,0
2417,0
2418,0
2419,0
2420,0
2421,1
2422,0
2423,0
2424,0
2425,0
2426,0
2427,0
2428,1
2429,0
2430,0
2431,1
2432,1
2433,1
2434,0
2435,1
2436,0
2437,0
2438,0
2439,1
2440,0
2441,1
2442,0
2443,1
2444,1
2445,0
2446,0
2447,1
2448,1
2449,0
2450,0
2451,1
2452,1
2453,1
2454,1
2455,1
2456,1
2457,0
2458,0
2459,1
2460,0
2461,0
2462,1
2463,0
2464,0
2465,0
2466,0
2467,0
2468,1
2469,0
2470,1
2471,1
2472,1
2473,0
2474,0
2475,0
2476,1
2477,0
2478,0
2479,0
2480,0
2481,0
2482,0
2483,0
2484,0
2485,0
2486,0
2487,1
2488,1
2489,0
2490,1
2491,0
2492,1
2493,1
2494,0
2495,1
2496,1
2497,1
2498,0
2499,1
2500,1
2501,0
2502,0
2503,1
2504,0
2505,1
2506,0
2507,1
2508,0
2509,1
2510,1
2511,0
2512,1
2513,0
2514,0
2515,0
2516,1
2517,1
2518,0
2519,1
2520,1
2521,0
2522,0
2523,1
2524,1
2525,1
2526,0
2527,1
2528,0
2529,0
2530,1
2531,0
2532,1
2533,0
2534,1
2535,0
2536,0
2537,1
2538,1
2539,0
2540,1
2541,1
2542,0
2543,0
2544,1
2545,1
2546,1
2547,1
2548,0
2549,1
2550,0
2551,1
2552,1
2553,0
2554,0
2555,1
2556,1
2557,0
2558,0
2559,1
2560,1
2561,0
2562,1
2563,1
2564,1
2565,0
2566,0
2567,1
2568,0
2569,1
2570,0
2571,1
2572,1
2573,1
2574,0
2575,1
2576,1
2577,1
2578,1
2579,0
2580,1
2581,1
2582,1
2583,1
2584,0
2585,0
2586,0
2587,1
2588,1
2589,1
2590,1
2591,0
2592,1
2593,0
2594,0
2595,0
2596,1
2597,0
2598,0
2599,1
2600,1
2601,0
2602,1
2603,0
2604,1
2605,1
2606,1
2607,1
2608,1
2609,1
2610,0
2611,1
2612,1
2613,1
2614,1
2615,0
2616,0
2617,0
2618,0
2619,1
2620,0
2621,0
2622,0
2623,1
2624,0
2625,0
2626,1
2627,0
2628,0
2629,0
2630,0
2631,1
2632,1
2633,0
2634,1
2635,0
2636,1
2637,1
2638,0
2639,1
2640,0
2641,1
2642,1
2643,1
2644,0
2645,1
2646,0
2647,0
2648,1
2649,1
2650,0
2651,1
2652,0
2653,0
2654,1
2655,0
2656,1
2657,0
2658,0
2659,1
2660,0
2661,0
2662,0
2663,1
2664,1
2665,0
2666,1
2667,1
2668,1
2669,0
2670,0
2671,1
2672,0
2673,1
2674,0
2675,0
2676,0
2677,1
2678,1
2679,0
2680,0
2681,1
2682,1
2683,1
2684,1
2685,1
2686,0
2687,1
2688,1
2689,1
2690,0
2691,0
2692,1
2693,0
2694,1
2695,1
2696,0
2697,1
2698,1
2699,1
2700,1
2701,1
2702,1
2703,1
2704,0
2705,1
2706,0
2707,0
2708,1
2709,1
2710,0
2711,0
2712,1
2713,1
2714,0
2715,0
2716,0
2717,0
2718,1
2719,0
2720,0
2721,0
2722,0
2723,0
2724,0
2725,0
2726,0
2727,1
2728,1
2729,0
2730,1
2731,1
2732,1
2733,1
2734,0
2735,0
2736,1
2737,1
2738,1
2739,1
2740,0
2741,1
2742,0
2743,1
2744,1
2745,1
2746,0
2747,1
2748,0
2749,1
2750,1
2751,0
2752,0
2753,0
2754,1
2755,0
2756,0
2757,1
2758,1
2759,1
2760,1
2761,0
2762,1
2763,0
2764,0
2765,0
2766,1
2767,0
2768,0
2769,1
2770,1
2771,0
2772,1
2773,0
2774,0
2775,0
2776,0
2777,1
2778,0
2779,1
2780,1
2781,1
2782,0
2783,1
2784,1
2785,0
2786,1
2787,1
2788,1
2789,1
2790,1
2791,0
2792,0
2793,1
2794,0
2795,0
2796,0
2797,1
2798,1
2799,1
2800,1
2801,0
2802,0
2803,0
2804,0
2805,1
2806,1
2807,1
2808,0
2809,1
2810,1
2811,1
2812,0
2813,0
2814,1
2815,0
2816,0
2817,0
2818,0
2819,0
2820,1
2821,0
2822,1
2823,0
2824,1
2825,0
2826,0
2827,0
2828,1
2829,1
2830,0
2831,0
2832,1
2833,1
2834,1
2835,0
2836,0
2837,0
2838,1
2839,1
2840,1
2841,1
2842,0
2843,1
2844,1
2845,1
2846,0
2847,1
2848,1
2849,1
2850,0
2851,0
2852,0
2853,0
2854,0
2855,1
2856,1
2857,0
2858,0
2859,0
2860,1
2861,1
2862,0
2863,1
2864,1
2865,1
2866,1
2867,0
2868,0
2869,0
2870,0
2871,0
2872,1
2873,0
2874,1
2875,1
2876,1
2877,0
2878,0
2879,0
2880,1
2881,1
2882,1
2883,1
2884,0
2885,1
2886,0
2887,0
2888,0
2889,1
2890,1
2891,0
2892,1
2893,0
2894,0
2895,1
2896,1
2897,0
2898,0
2899,0
2900,0
2901,0
2902,1
2903,0
2904,1
2905,0
2906,1
2907,1
2908,0
2909,0
2910,1
2911,0
2912,0
2913,0
2914,0
2915,0
2916,0
2917,1
2918,1
2919,1
2920,1
2921,1
2922,1
2923,1
2924,1
2925,0
2926,0
2927,1
2928,1
2929,0
2930,0
2931,0
2932,0
2933,1
2934,1
2935,1
2936,0
2937,1
2938,1
2939,1
2940,1
2941,1
2942,1
2943,1
2944,1
2945,0
2946,1
2947,0
2948,1
2949,1
2950,0
2951,0
2952,1
2953,0
2954,1
2955,0
2956,1
2957,0
2958,1
2959,1
2960,1
2961,0
2962,0
2963,1
2964,0
2965,1
2966,0
2967,0
2968,1
2969,1
2970,0
2971,1
2972,1
2973,1
2974,0
2975,0
2976,1
2977,0
2978,1
2979,0
2980,0
2981,1
2982,0
2983,1
2984,0
2985,0
2986,1
2987,1
2988,0
2989,1
2990,1
2991,1
2992,1
2993,1
2994,0
2995,0
2996,0
2997,1
2998,0
2999,0
3000,0
3001,0
3002,1
3003,0
3004,1
3005,0
3006,1
3007,0
3008,0
3009,1
3010,1
3011,1
3012,1
3013,1
3014,1
3015,0
3016,1
3017,0
3018,1
3019,1
3020,1
3021,1
3022,0
3023,1
3024,0
3025,0
3026,0
3027,0
3028,0
3029,1
3030,0
3031,1
3032,1
3033,1
3034,1
3035,1
3036,0
3037,1
3038,1
3039,1
3040,1
3041,1
3042,0
3043,0
3044,1
3045,0
3046,0
3047,1
3048,1
3049,1
3050,0
3051,0
3052,1
3053,1
3054,1
3055,0
3056,1
3057,0
3058,0
3059,0
3060,0
3061,0
3062,1
3063,1
3064,0
3065,0
3066,0
3067,0
3068,1
3069,0
3070,1
3071,0
3072,0
3073,0
3074,1
3075,1
3076,1
3077,0
3078,1
3079,0
3080,1
3081,0
3082,0
3083,0
3084,1
3085,0
3086,1
3087,1
3088,1
3089,0
3090,1
3091,1
3092,0
3093,1
3094,0
3095,0
3096,1
3097,1
3098,0
3099,0
3100,0
3101,0
3102,0
3103,0
3104,0
3105,0
3106,0
3107,1
3108,0
3109,0
3110,0
3111,0
3112,0
3113,0
3114,1
3115,1
3116,1
3117,1
3118,0
3119,1
3120,0
3121,0
3122,0
3123,0
3124,0
3125,1
3126,1
3127,1
3128,1
3129,0
3130,1
3131,0
3132,1
3133,1
3134,1
3135,0
3136,0
3137,0
3138,0
3139,0
3140,0
3141,0
3142,1
3143,1
3144,0
3145,1
3146,1
3147,1
3148,0
3149,1
3150,1
3151,1
3152,0
3153,0
3154,0
3155,1
3156,0
3157,1
3158,1
3159,0
3160,1
3161,1
3162,1
3163,0
3164,1
3165,0
3166,1
3167,0
3168,1
3169,1
3170,0
3171,1
3172,1
3173,1
3174,1
3175,1
3176,1
3177,1
3178,1
3179,0
3180,1
3181,1
3182,0
3183,0
3184,0
3185,1
3186,1
3187,0
3188,1
3189,1
3190,1
3191,1
3192,1
3193,0
3194,1
3195,0
3196,1
3197,1
3198,0
3199,0
3200,1
3201,1
3202,0
3203,0
3204,1
3205,1
3206,0
3207,1
3208,1
3209,0
3210,1
3211,0
3212,1
3213,0
3214,1
3215,1
3216,1
3217,0
3218,0
3219,0
3220,1
3221,1
3222,0
3223,0
3224,1
3225,1
3226,0
3227,1
3228,0
3229,1
3230,1
3231,1
3232,0
3233,0
3234,0
3235,1
3236,1
3237,0
3238,0
3239,0
3240,1
3241,0
3242,1
3243,1
3244,0
3245,0
3246,0
3247,0
3248,0
3249,0
3250,1
3251,1
3252,0
3253,0
3254,1
3255,0
3256,0
3257,0
3258,1
3259,1
3260,1
3261,1
3262,1
3263,1
3264,0
3265,1
3266,0
3267,0
3268,0
3269,1
3270,1
3271,0
3272,1
3273,1
3274,0
3275,0
3276,1
3277,0
3278,0
3279,0
3280,0
3281,1
3282,0
3283,0
3284,1
3285,0
3286,1
3287,0
3288,0
3289,0
3290,0
3291,1
3292,1
3293,0
3294,0
3295,0
3296,1
3297,0
3298,0
3299,1
3300,0
3301,0
3302,1
3303,0
3304,0
3305,1
3306,0
3307,0
3308,0
3309,1
3310,1
3311,1
3312,0
3313,1
3314,1
3315,0
3316,1
3317,0
3318,1
3319,1
3320,0
3321,1
3322,1
3323,0
3324,0
3325,1
3326,0
3327,0
3328,0
3329,1
3330,0
3331,0
3332,1
3333,0
3334,1
3335,1
3336,0
3337,0
3338,0
3339,0
3340,1
3341,0
3342,1
3343,0
3344,0
3345,0
3346,1
3347,0
3348,0
3349,0
3350,1
3351,1
3352,0
3353,0
3354,1
3355,1
3356,1
3357,0
3358,1
3359,0
3360,1
3361,0
3362,0
3363,1
3364,0
3365,0
3366,0
3367,1
3368,1
3369,1
3370,0
3371,1
3372,1
3373,1
3374,0
3375,0
3376,1
3377,0
3378,1
3379,0
3380,0
3381,1
3382,1
3383,1
3384,0
3385,1
3386,0
3387,1
3388,1
3389,1
3390,1
3391,1
3392,0
3393,0
3394,1
3395,1
3396,0
3397,0
3398,0
3399,1
3400,1
3401,1
3402,0
3403,1
3404,1
3405,0
3406,1
3407,1
3408,1
3409,1
3410,0
3411,0
3412,1
3413,1
3414,1
3415,0
3416,1
3417,0
3418,0
3419,0
3420,1
3421,1
3422,1
3423,1
3424,1
3425,1
3426,0
3427,0
3428,1
3429,1
3430,0
3431,0
3432,1
3433,0
3434,1
3435,1
3436,0
3437,0
3438,1
3439,0
3440,1
3441,1
3442,1
3443,0
3444,1
3445,0
3446,1
3447,1
3448,1
3449,1
3450,1
3451,0
3452,0
3453,0
3454,0
3455,0
3456,0
3457,1
3458,0
3459,1
3460,1
3461,0
3462,0
3463,0
3464,1
3465,1
3466,0
3467,1
3468,1
3469,1
3470,0
3471,0
3472,0
3473,0
3474,1
3475,0
3476,0
3477,1
3478,0
3479,1
3480,1
3481,0
3482,1
3483,1
3484,1
3485,0
3486,0
3487,0
3488,0
3489,1
3490,1
3491,0
3492,0
3493,1
3494,0
3495,0
3496,1
3497,1
3498,1
3499,1
3500,1
3501,1
3502,1
3503,0
3504,1
3505,1
3506,1
3507,1
3508,0
3509,1
3510,0
3511,0
3512,0
3513,1
3514,0
3515,1
3516,0
3517,1
3518,0
3519,0
3520,0
3521,1
3522,1
3523,1
3524,1
3525,1
3526,1
3527,0
3528,1
3529,1
3530,0
3531,1
3532,0
3533,0
3534,1
3535,1
3536,1
3537,1
3538,1
3539,1
3540,1
3541,1
3542,0
3543,1
3544,1
3545,1
3546,0
3547,0
3548,0
3549,1
3550,1
3551,0
3552,1
3553,1
3554,1
3555,0
3556,0
3557,0
3558,1
3559,1
3560,0
3561,1
3562,1
3563,0
3564,1
3565,1
3566,0
3567,0
3568,1
3569,1
3570,0
3571,1
3572,1
3573,0
3574,1
3575,0
3576,1
3577,1
3578,0
3579,1
3580,0
3581,0
3582,0
3583,1
3584,0
3585,0
3586,1
3587,0
3588,1
3589,1
3590,1
3591,0
3592,1
3593,0
3594,0
3595,0
3596,1
3597,1
3598,0
3599,1
3600,1
3601,1
3602,1
3603,1
3604,0
3605,1
3606,1
3607,0
3608,0
3609,0
3610,1
3611,1
3612,1
3613,0
3614,1
3615,0
3616,0
3617,0
3618,1
3619,1
3620,1
3621,1
3622,0
3623,1
3624,0
3625,0
3626,1
3627,0
3628,1
3629,1
3630,1
3631,0
3632,0
3633,1
3634,1
3635,0
3636,1
3637,1
3638,0
3639,1
3640,0
3641,1
3642,1
3643,0
3644,0
3645,0
3646,0
3647,1
3648,0
3649,0
3650,0
3651,1
3652,0
3653,1
3654,1
3655,0
3656,0
3657,1
3658,0
3659,0
3660,1
3661,1
3662,1
3663,0
3664,0
3665,0
3666,1
3667,1
3668,1
3669,1
3670,1
3671,0
3672,0
3673,1
3674,0
3675,1
3676,0
3677,0
3678,1
3679,0
3680,1
3681,0
3682,0
3683,1
3684,1
3685,1
3686,0
3687,1
3688,1
3689,1
3690,1
3691,1
3692,1
3693,1
3694,1
3695,0
3696,0
3697,1
3698,0
3699,0
3700,0
3701,0
3702,0
3703,0
3704,0
3705,1
3706,1
3707,0
3708,0
3709,0
3710,0
3711,0
3712,0
3713,1
3714,0
3715,1
3716,1
3717,0
3718,0
3719,1
3720,1
3721,0
3722,0
3723,1
3724,1
3725,0
3726,0
3727,1
3728,1
3729,1
3730,1
3731,1
3732,0
3733,0
3734,1
3735,0
3736,1
3737,1
3738,1
3739,1
3740,1
3741,1
3742,1
3743,0
3744,0
3745,1
3746,0
3747,1
3748,0
3749,0
3750,0
3751,0
3752,1
3753,0
3754,1
3755,1
3756,1
3757,1
3758,1
3759,1
3760,1
3761,1
3762,0
3763,1
3764,1
3765,0
3766,0
3767,0
3768,0
3769,0
3770,0
3771,1
3772,0
3773,1
3774,0
3775,1
3776,0
3777,1
3778,1
3779,1
3780,1
3781,0
3782,0
3783,1
3784,0
3785,0
3786,0
3787,1
3788,1
3789,0
3790,0
3791,0
3792,1
3793,0
3794,0
3795,1
3796,1
3797,1
3798,1
3799,0
3800,1
3801,0
3802,0
3803,1
3804,0
3805,0
3806,1
3807,1
3808,1
3809,1
3810,0
3811,1
3812,0
3813,1
3814,0
3815,0
3816,1
3817,0
3818,0
3819,1
3820,0
3821,0
3822,1
3823,1
3824,0
3825,1
3826,1
3827,1
3828,1
3829,1
3830,1
3831,0
3832,0
3833,0
3834,1
3835,0
3836,0
3837,1
3838,0
3839,0
3840,1
3841,1
3842,1
3843,1
3844,1
3845,1
3846,0
3847,1
3848,0
3849,0
3850,1
3851,1
3852,0
3853,0
3854,0
3855,1
3856,0
3857,0
3858,1
3859,1
3860,0
3861,1
3862,1
3863,0
3864,0
3865,0
3866,0
3867,0
3868,1
3869,1
3870,0
3871,0
3872,1
3873,0
3874,0
3875,0
3876,1
3877,1
3878,0
3879,0
3880,1
3881,0
3882,0
3883,0
3884,1
3885,1
3886,1
3887,1
3888,1
3889,1
3890,0
3891,1
3892,0
3893,1
3894,1
3895,0
3896,1
3897,0
3898,1
3899,0
3900,1
3901,1
3902,0
3903,0
3904,0
3905,0
3906,0
3907,1
3908,1
3909,0
3910,1
3911,0
3912,0
3913,1
3914,0
3915,0
3916,0
3917,0
3918,0
3919,1
3920,0
3921,1
3922,1
3923,1
3924,0
3925,1
3926,1
3927,0
3928,0
3929,0
3930,1
3931,1
3932,1
3933,1
3934,0
3935,0
3936,0
3937,0
3938,1
3939,1
3940,0
3941,0
3942,0
3943,1
3944,1
3945,1
3946,1
3947,0
3948,1
3949,1
3950,0
3951,0
3952,1
3953,0
3954,0
3955,1
3956,0
3957,0
3958,1
3959,0
3960,1
3961,1
3962,1
3963,1
3964,1
3965,0
3966,0
3967,1
3968,1
3969,1
3970,0
3971,1
3972,1
3973,0
3974,1
3975,0
3976,1
3977,0
3978,1
3979,0
3980,1
3981,1
3982,0
3983,1
3984,0
3985,0
3986,1
3987,1
3988,0
3989,1
3990,1
3991,1
3992,0
3993,0
3994,1
3995,1
3996,0
3997,0
3998,1
3999,0
4000,1
4001,0
4002,0
4003,0
4004,1
4005,0
4006,0
4007,1
4008,1
4009,1
4010,1
4011,0
4012,1
4013,0
4014,1
4015,0
4016,1
4017,1
4018,0
4019,0
4020,0
4021,1
4022,1
4023,1
4024,0
4025,0
4026,1
4027,1
4028,0
4029,0
4030,1
4031,0
4032,1
4033,0
4034,1
4035,1
4036,1
4037,0
4038,0
4039,0
4040,0
4041,1
4042,1
4043,0
4044,0
4045,1
4046,1
4047,0
4048,0
4049,0
4050,0
4051,1
4052,1
4053,0
4054,0
4055,0
4056,0
4057,0
4058,0
4059,1
4060,0
4061,1
4062,0
4063,1
4064,1
4065,0
4066,0
4067,1
4068,1
4069,0
4070,0
4071,0
4072,1
4073,0
4074,0
4075,1
4076,0
4077,0
4078,1
4079,1
4080,0
4081,1
4082,0
4083,1
4084,1
4085,1
4086,1
4087,0
4088,0
4089,0
4090,0
4091,1
4092,1
4093,0
4094,0
4095,0
4096,1
4097,0
4098,0
4099,0
4100,1
4101,0
4102,0
4103,1
4104,1
4105,0
4106,1
4107,1
4108,1
4109,0
4110,0
4111,1
4112,1
4113,0
4114,0
4115,0
4116,1
4117,1
4118,0
4119,1
4120,0
4121,1
4122,1
4123,0
4124,1
4125,0
4126,0
4127,0
4128,0
4129,1
4130,0
4131,0
4132,1
4133,0
4134,0
4135,1
4136,1
4137,1
4138,0
4139,0
4140,1
4141,0
4142,0
4143,1
4144,1
4145,0
4146,1
4147,1
4148,0
4149,1
4150,1
4151,1
4152,1
4153,0
4154,0
4155,0
4156,0
4157,0
4158,0
4159,1
4160,0
4161,0
4162,0
4163,0
4164,1
4165,1
4166,0
4167,0
4168,1
4169,0
4170,1
4171,1
4172,0
4173,0
4174,0
4175,0
4176,0
4177,1
4178,1
4179,0
4180,0
4181,1
4182,0
4183,0
4184,1
4185,1
4186,0
4187,1
4188,0
4189,0
4190,0
4191,1
4192,0
4193,1
4194,1
4195,0
4196,1
4197,1
4198,1
4199,0
4200,0
4201,1
4202,0
4203,1
4204,1
4205,0
4206,0
4207,1
4208,1
4209,1
4210,0
4211,1
4212,0
4213,1
4214,0
4215,0
4216,0
4217,0
4218,1
4219,1
4220,1
4221,0
4222,1
4223,0
4224,0
4225,0
4226,1
4227,1
4228,1
4229,0
4230,0
4231,1
4232,0
4233,1
4234,0
4235,0
4236,0
4237,0
4238,1
4239,0
4240,1
4241,0
4242,0
4243,1
4244,0
4245,1
4246,0
4247,1
4248,0
4249,0
4250,0
4251,0
4252,1
4253,1
4254,0
4255,0
4256,1
4257,1
4258,0
4259,0
4260,1
4261,0
4262,1
4263,0
4264,0
4265,0
4266,0
4267,1
4268,1
4269,1
4270,0
4271,1
4272,1
4273,0
4274,0
4275,1
4276,1
4277,1
4278,0
4279,0
4280,0
4281,0
4282,1
4283,0
4284,0
4285,0
4286,1
4287,0
4288,0
4289,1
4290,0
4291,1
4292,0
4293,1
4294,1
4295,0
4296,1
4297,0
4298,1
4299,0
4300,1
4301,1
4302,1
4303,1
4304,1
4305,1
4306,0
4307,1
4308,0
4309,0
4310,1
4311,0
4312,1
4313,1
4314,0
4315,0
4316,0
4317,0
4318,0
4319,1
4320,0
4321,0
4322,1
4323,1
4324,0
4325,1
4326,1
4327,1
4328,0
4329,0
4330,0
4331,0
4332,0
4333,0
4334,1
4335,1
4336,1
4337,0
4338,0
4339,1
4340,0
4341,0
4342,0
4343,1
4344,1
4345,0
4346,0
4347,1
4348,0
4349,1
4350,1
4351,0
4352,1
4353,1
4354,1
4355,0
4356,0
4357,0
4358,0
4359,1
4360,0
4361,0
4362,0
4363,1
4364,0
4365,0
4366,1
4367,1
4368,1
4369,1
4370,1
4371,1
4372,0
4373,0
4374,0
4375,1
4376,1
4377,1
4378,1
4379,0
4380,1
4381,1
4382,1
4383,0
4384,0
4385,1
4386,0
4387,1
4388,0
4389,1
4390,1
4391,0
4392,1
4393,1
4394,1
4395,0
4396,1
4397,0
4398,1
4399,0
4400,0
4401,1
4402,1
4403,0
4404,1
4405,1
4406,1
4407,0
4408,1
4409,1
4410,0
4411,1
4412,1
4413,0
4414,1
4415,1
4416,0
4417,0
4418,1
4419,1
4420,0
4421,0
4422,0
4423,1
4424,0
4425,0
4426,0
4427,1
4428,1
4429,1
4430,1
4431,1
4432,0
4433,1
4434,0
4435,1
4436,1
4437,0
4438,1
4439,1
4440,0
4441,0
4442,1
4443,1
4444,0
4445,1
4446,0
4447,1
4448,0
4449,0
4450,0
4451,1
4452,1
4453,1
4454,0
4455,0
4456,0
4457,1
4458,0
4459,0
4460,1
4461,1
4462,0
4463,1
4464,0
4465,1
4466,1
4467,0
4468,1
4469,1
4470,0
4471,0
4472,1
4473,1
4474,1
4475,0
4476,1
4477,0
4478,1
4479,1
4480,1
4481,0
4482,1
4483,1
4484,1
4485,1
4486,0
4487,0
4488,0
4489,1
4490,0
4491,0
4492,1
4493,1
4494,1
4495,0
4496,1
4497,0
4498,1
4499,1
4500,0
4501,0
4502,1
4503,1
4504,0
4505,1
4506,1
4507,1
4508,0
4509,0
4510,0
4511,1
4512,1
4513,0
4514,1
4515,1
4516,1
4517,1
4518,0
4519,1
4520,1
4521,0
4522,1
4523,0
4524,0
4525,0
4526,0
4527,1
4528,0
4529,0
4530,1
4531,1
4532,0
4533,1
4534,0
4535,0
4536,0
4537,0
4538,0
4539,0
4540,1
4541,0
4542,1
4543,1
4544,1
4545,1
4546,0
4547,1
4548,1
4549,1
4550,0
4551,0
4552,1
4553,1
4554,1
4555,0
4556,1
4557,1
4558,1
4559,1
4560,0
4561,0
4562,1
4563,1
4564,0
4565,0
4566,1
4567,1
4568,1
4569,1
4570,1
4571,0
4572,1
4573,0
4574,1
4575,0
4576,1
4577,1
4578,1
4579,1
4580,0
4581,1
4582,1
4583,1
4584,0
4585,0
4586,0
4587,1
4588,1
4589,0
4590,1
4591,1
4592,1
4593,0
4594,0
4595,1
4596,1
4597,1
4598,1
4599,1
4600,1
4601,0
4602,0
4603,0
4604,1
4605,0
4606,1
4607,0
4608,0
4609,0
4610,0
4611,0
4612,1
4613,0
4614,1
4615,0
4616,1
4617,0
4618,0
4619,1
4620,1
4621,1
4622,0
4623,1
4624,0
4625,0
4626,1
4627,0
4628,1
4629,0
4630,1
4631,1
4632,0
4633,0
4634,1
4635,1
4636,1
4637,1
4638,0
4639,1
4640,1
4641,1
4642,0
4643,0
4644,0
4645,1
4646,0
4647,1
4648,0
4649,1
4650,0
4651,1
4652,0
4653,0
4654,1
4655,1
4656,1
4657,1
4658,0
4659,0
4660,0
4661,1
4662,1
4663,1
4664,0
4665,0
4666,0
4667,1
4668,1
4669,1
4670,1
4671,1
4672,0
4673,1
4674,0
4675,0
4676,1
4677,0
4678,0
4679,0
4680,1
4681,0
4682,0
4683,1
4684,0
4685,0
4686,1
4687,0
4688,0
4689,0
4690,0
4691,1
4692,1
4693,1
4694,1
4695,0
4696,0
4697,0
4698,0
4699,0
4700,1
4701,0
4702,0
4703,0
4704,0
4705,1
4706,1
4707,1
4708,0
4709,0
4710,1
4711,1
4712,1
4713,0
4714,1
4715,1
4716,0
4717,1
4718,1
4719,0
4720,1
4721,1
4722,1
4723,1
4724,1
4725,1
4726,0
4727,1
4728,1
4729,0
4730,0
4731,0
4732,1
4733,0
4734,0
4735,1
4736,0
4737,0
4738,1
4739,1
4740,1
4741,0
4742,1
4743,1
4744,0
4745,0
4746,0
4747,0
4748,1
4749,1
4750,0
4751,1
4752,1
4753,0
4754,1
4755,0
4756,1
4757,1
4758,0
4759,0
4760,1
4761,0
4762,0
4763,1
4764,1
4765,1
4766,0
4767,0
4768,1
4769,0
4770,1
4771,0
4772,0
4773,0
4774,0
4775,0
4776,0
4777,1
4778,0
4779,0
4780,0
4781,0
4782,1
4783,1
4784,1
4785,0
4786,0
4787,1
4788,0
4789,0
4790,1
4791,0
4792,1
4793,0
4794,1
4795,0
4796,0
4797,1
4798,0
4799,0
4800,0
4801,0
4802,1
4803,1
4804,0
4805,0
4806,0
4807,1
4808,0
4809,1
4810,0
4811,0
4812,0
4813,0
4814,1
4815,1
4816,0
4817,1
4818,1
4819,1
4820,0
4821,1
4822,1
4823,1
4824,0
4825,1
4826,1
4827,1
4828,1
4829,0
4830,1
4831,1
4832,1
4833,0
4834,0
4835,0
4836,1
4837,0
4838,0
4839,1
4840,1
4841,0
4842,1
4843,1
4844,1
4845,0
4846,0
4847,0
4848,1
4849,1
4850,0
4851,0
4852,0
4853,1
4854,1
4855,0
4856,1
4857,1
4858,1
4859,1
4860,0
4861,0
4862,1
4863,1
4864,1
4865,0
4866,1
4867,0
4868,1
4869,0
4870,0
4871,0
4872,1
4873,1
4874,1
4875,0
4876,0
4877,1
4878,0
4879,1
4880,1
4881,0
4882,0
4883,0
4884,0
4885,0
4886,0
4887,0
4888,0
4889,1
4890,1
4891,1
4892,1
4893,0
4894,0
4895,1
4896,0
4897,1
4898,0
4899,0
4900,1
4901,1
4902,0
4903,1
4904,0
4905,1
4906,0
4907,0
4908,0
4909,1
4910,0
4911,1
4912,1
4913,0
4914,0
4915,0
4916,1
4917,0
4918,0
4919,1
4920,1
4921,1
4922,1
4923,1
4924,1
4925,1
4926,0
4927,0
4928,0
4929,0
4930,0
4931,0
4932,0
4933,1
4934,1
4935,0
4936,0
4937,1
4938,1
4939,1
4940,1
4941,1
4942,1
4943,1
4944,0
4945,0
4946,0
4947,0
4948,1
4949,0
4950,1
4951,0
4952,0
4953,0
4954,1
4955,1
4956,0
4957,1
4958,0
4959,0
4960,1
4961,1
4962,0
4963,0
4964,0
4965,0
4966,0
4967,0
4968,0
4969,1
4970,1
4971,0
4972,1
4973,1
4974,1
4975,1
4976,1
4977,0
4978,1
4979,1
4980,0
4981,0
4982,0
4983,1
4984,1
4985,1
4986,0
4987,1
4988,1
4989,1
4990,0
4991,1
4992,0
4993,1
4994,1
4995,1
4996,1
4997,1
4998,1
4999,1
5000,1
